{
	"cameras": [
		{
			"id": "camera.d1",
			"type": "FlyCamera",
			"position": [
				5464.4091258253575,
				2755.881081080966,
				1644.1793247085532
			],
			"rotation": [
				0.270672431928276,
				1.1204593502976643,
				0.0026043065316771735
			],
			"speed": 512
		},
		{
			"id": "camera.d2",
			"type": "FreeCamera",
			"position": [
				39,
				70,
				438
			],
			"rotation": [
				1.4922565104551517,
				-1.1132976022761496,
				0
			],
			"speed": 1
		},
		{
			"id": "camera.d3",
			"type": "WebVRFreeCamera",
			"position": [
				39,
				70,
				438
			],
			"rotation": [
				1.4922565104551517,
				-1.1132976022761496,
				0
			],
			"speed": 1
		}
	],
	"lights": [
		{
			"id": "light.d1",
			"type": "HemisphericLight",
			"direction": [
				1,
				0.3,
				0.1
			],
			"intensity": 1
		},
		{
			"id": "light.d2",
			"type": "PointLight",
			"position": [
				0,
				100,
				0
			],
			"intensity": 1
		}
	],
	"shadows": {
		"darkness": 0.3,
		"bias": 0.001,
		"environmentIntensity": 0.3
	},
	"datagen": {
		"cam": {
			"alphaMin": 0,
			"alphaMax": 360,
			"alphaStep": 60,
			"betaMin": 0,
			"betaMax": 70,
			"betaStep": 35,
			"radiusFactorMin": 1.7,
			"radiusFactorMax": 2.7,
			"radiusFactorStep": 1
		}
	},
	"env": {
		"skyboxTexture": "textures/studio.env",
		"backgroundColor": [
			0.2,
			0.2,
			0.3
		]
	}
}